{"fit_time": 0.9937002182006835, "score_time": 0.059847784042358396, "test_balanced_accuracy": 0.8018889334480244, "test_matthews": 0.7535007711172865, "test_matthews_nothing": 0.687323723291583, "test_matthews_speech": 0.7375390615317666, "test_matthews_smoking": 0.8363978184218679, "test_matthews_drinking": 0.6568505102149482, "test_matthews_eating": 0.8404006701933332, "test_recall_nothing": 0.73, "test_recall_speech": 0.7597414046429621, "test_recall_smoking": 0.9414151249594287, "test_recall_drinking": 0.688977688977689, "test_recall_eating": 0.8893104486600422}